<?xml version="1.0" encoding="UTF-8"?><?xml-stylesheet type="text/css" href="idempiereDocument.css"?><idempiereDocument>
    <header>org.kenos.idempiere.timebasedlogin Package Description</header>
    <H1>Package Name:</H1>
    <packagename>org.kenos.idempiere.timebasedlogin</packagename>
    <H1>Author:</H1>
    <Name:/>
    <H1>Email Address:</H1>
    <Email>rsantana@kenos.com.br</Email>
    <H1>Created:</H1>
    <Date>2019-12-16 16:52:29.0</Date>
    <H1>Updated:</H1>
    <Date>2019-12-16 16:52:29.0</Date>
    <H1>Description:</H1>
    <description>Time-Based Login
This plugin allows you to restrict the login to certains days of week and/or time of the day
www.kenos.com.br</description>
    <H1>Instructions:</H1>
    <instructions>This feature will automatically make the necessary changes to the database when the plugin is activated. This will create two new tabs, one will be created at User window and the other in the Role window.
The restrictions created to a certain user has higher priority than restrictions defined on a role.</instructions>
    <H1>Files in Package:</H1>
    <file>File: PackOut.xml</file>
    <filedirectory>Directory: \dict\</filedirectory>
    <filenotes>Notes: Contains all application/object settings for package</filenotes>
    <H1>Client:</H1>
    <Client>0-SYSTEM-System</Client>
</idempiereDocument>
